{"last_node_id":63,"last_link_id":71,"nodes":[{"id":26,"type":"PreviewImage","pos":[2260,500],"size":[440.67724609375,452.8416442871094],"flags":{},"order":15,"mode":0,"inputs":[{"name":"images","type":"IMAGE","link":52}],"outputs":[],"properties":{"cnr_id":"comfy-core","ver":"0.3.15","Node name for S&R":"PreviewImage"},"widgets_values":[]},{"id":17,"type":"PreviewImage","pos":[2280,-730],"size":[627.10498046875,656.2786254882812],"flags":{},"order":9,"mode":0,"inputs":[{"name":"images","type":"IMAGE","link":58}],"outputs":[],"properties":{"cnr_id":"comfy-core","ver":"0.3.15","Node name for S&R":"PreviewImage"},"widgets_values":[]},{"id":57,"type":"PreviewImage","pos":[2740,-10],"size":[445.65460205078125,459.4781188964844],"flags":{},"order":17,"mode":0,"inputs":[{"name":"images","type":"IMAGE","link":64}],"outputs":[],"properties":{"cnr_id":"comfy-core","ver":"0.3.15","Node name for S&R":"PreviewImage"},"widgets_values":[]},{"id":19,"type":"ColorspaceNode","pos":[1433.7806396484375,-675.6625366210938],"size":[257.3529357910156,60.35293960571289],"flags":{},"order":2,"mode":0,"inputs":[{"name":"images","type":"IMAGE","link":37}],"outputs":[{"name":"IMAGE","type":"IMAGE","links":[58],"slot_index":0}],"properties":{"aux_id":"Conor-Collins/coco_tools","ver":"e4cb6e618ec48d450f092cbe4ada8507e62d18fe","Node name for S&R":"ColorspaceNode"},"widgets_values":["Linear_to_sRGB"]},{"id":59,"type":"LoadExrLayerByName","pos":[1700,1060],"size":[239.62252807617188,102],"flags":{},"order":6,"mode":0,"inputs":[{"name":"layers","type":"LAYERS","link":66}],"outputs":[{"name":"image","type":"IMAGE","links":[65],"slot_index":0},{"name":"mask","type":"MASK","links":null}],"properties":{"aux_id":"Conor-Collins/coco_tools","ver":"e4cb6e618ec48d450f092cbe4ada8507e62d18fe","Node name for S&R":"LoadExrLayerByName"},"widgets_values":["raw_direct_lighting","To RGB"]},{"id":39,"type":"LoadExrLayerByName","pos":[1710,1250],"size":[210,102],"flags":{},"order":3,"mode":0,"inputs":[{"name":"layers","type":"LAYERS","link":40}],"outputs":[{"name":"image","type":"IMAGE","links":[53],"slot_index":0},{"name":"mask","type":"MASK","links":null}],"properties":{"aux_id":"Conor-Collins/coco_tools","ver":"e4cb6e618ec48d450f092cbe4ada8507e62d18fe","Node name for S&R":"LoadExrLayerByName"},"widgets_values":["normals","To RGB"]},{"id":54,"type":"ColorspaceNode","pos":[1670,-20],"size":[244.57708740234375,58],"flags":{},"order":12,"mode":0,"inputs":[{"name":"images","type":"IMAGE","link":60}],"outputs":[{"name":"IMAGE","type":"IMAGE","links":[69],"slot_index":0}],"properties":{"aux_id":"Conor-Collins/coco_tools","ver":"e4cb6e618ec48d450f092cbe4ada8507e62d18fe","Node name for S&R":"ColorspaceNode"},"widgets_values":["Linear_to_sRGB"]},{"id":60,"type":"ZNormalizeNode","pos":[1970,-20],"size":[236.8000030517578,82],"flags":{},"order":16,"mode":0,"inputs":[{"name":"image","type":"IMAGE","link":69}],"outputs":[{"name":"normalized_depth_image","type":"IMAGE","links":[68],"slot_index":0}],"properties":{"aux_id":"Conor-Collins/coco_tools","ver":"e4cb6e618ec48d450f092cbe4ada8507e62d18fe","Node name for S&R":"ZNormalizeNode"},"widgets_values":[0.04,0]},{"id":53,"type":"PreviewImage","pos":[2260,-20],"size":[440.67724609375,471.09197998046875],"flags":{},"order":18,"mode":0,"inputs":[{"name":"images","type":"IMAGE","link":68}],"outputs":[],"properties":{"cnr_id":"comfy-core","ver":"0.3.15","Node name for S&R":"PreviewImage"},"widgets_values":[]},{"id":40,"type":"LoadExrLayerByName","pos":[1710,880],"size":[221.73635864257812,102],"flags":{},"order":4,"mode":0,"inputs":[{"name":"layers","type":"LAYERS","link":41}],"outputs":[{"name":"image","type":"IMAGE","links":[46],"slot_index":0},{"name":"mask","type":"MASK","links":[],"slot_index":1}],"properties":{"aux_id":"Conor-Collins/coco_tools","ver":"e4cb6e618ec48d450f092cbe4ada8507e62d18fe","Node name for S&R":"LoadExrLayerByName"},"widgets_values":["diffuse","Auto"]},{"id":58,"type":"ColorspaceNode","pos":[1980,1060],"size":[257.3529357910156,60.35293960571289],"flags":{},"order":13,"mode":0,"inputs":[{"name":"images","type":"IMAGE","link":65}],"outputs":[{"name":"IMAGE","type":"IMAGE","links":[64],"slot_index":0}],"properties":{"aux_id":"Conor-Collins/coco_tools","ver":"e4cb6e618ec48d450f092cbe4ada8507e62d18fe","Node name for S&R":"ColorspaceNode"},"widgets_values":["Linear_to_sRGB"]},{"id":51,"type":"ColorspaceNode","pos":[1990,1250],"size":[257.3529357910156,60.35293960571289],"flags":{},"order":10,"mode":0,"inputs":[{"name":"images","type":"IMAGE","link":53}],"outputs":[{"name":"IMAGE","type":"IMAGE","links":[56],"slot_index":0}],"properties":{"aux_id":"Conor-Collins/coco_tools","ver":"e4cb6e618ec48d450f092cbe4ada8507e62d18fe","Node name for S&R":"ColorspaceNode"},"widgets_values":["Linear_to_sRGB"]},{"id":49,"type":"ColorspaceNode","pos":[1970,880],"size":[245.85467529296875,59.07535171508789],"flags":{},"order":11,"mode":0,"inputs":[{"name":"images","type":"IMAGE","link":46}],"outputs":[{"name":"IMAGE","type":"IMAGE","links":[52],"slot_index":0}],"properties":{"aux_id":"Conor-Collins/coco_tools","ver":"e4cb6e618ec48d450f092cbe4ada8507e62d18fe","Node name for S&R":"ColorspaceNode"},"widgets_values":["Linear_to_sRGB"]},{"id":55,"type":"LoadExrLayerByName","pos":[1390,-20],"size":[225.56910705566406,103.277587890625],"flags":{},"order":5,"mode":0,"inputs":[{"name":"layers","type":"LAYERS","link":61}],"outputs":[{"name":"image","type":"IMAGE","links":[60],"slot_index":0},{"name":"mask","type":"MASK","links":null}],"properties":{"aux_id":"Conor-Collins/coco_tools","ver":"e4cb6e618ec48d450f092cbe4ada8507e62d18fe","Node name for S&R":"LoadExrLayerByName"},"widgets_values":["Z","To RGB"]},{"id":25,"type":"PreviewImage","pos":[2760,490],"size":[445.65460205078125,459.4781188964844],"flags":{},"order":14,"mode":0,"inputs":[{"name":"images","type":"IMAGE","link":56}],"outputs":[],"properties":{"cnr_id":"comfy-core","ver":"0.3.15","Node name for S&R":"PreviewImage"},"widgets_values":[]},{"id":62,"type":"WTFDebugNode","pos":[486.78900146484375,-353.044677734375],"size":[210,26],"flags":{},"order":7,"mode":0,"inputs":[{"name":"anything","localized_name":"anything","type":"*","link":71}],"outputs":[],"properties":{"cnr_id":"debugnode-comfyui","ver":"1.1.0","Node name for S&R":"WTFDebugNode"}},{"id":61,"type":"WTFDebugNode","pos":[822.1203002929688,-358.04486083984375],"size":[210,26],"flags":{},"order":8,"mode":0,"inputs":[{"name":"anything","localized_name":"anything","type":"*","link":70}],"outputs":[],"properties":{"cnr_id":"debugnode-comfyui","ver":"1.1.0","Node name for S&R":"WTFDebugNode"}},{"id":46,"type":"LoadExr","pos":[799.0757446289062,-760.0476684570312],"size":[341.5459899902344,202],"flags":{},"order":0,"mode":0,"inputs":[],"outputs":[{"name":"image","type":"IMAGE","links":[37],"slot_index":0},{"name":"alpha","type":"MASK","links":null},{"name":"metadata","type":"STRING","links":[]},{"name":"layers","type":"LAYERS","links":[40,41,61,66],"slot_index":3},{"name":"cryptomatte","type":"CRYPTOMATTE","links":[],"slot_index":4},{"name":"layer names","type":"STRING","links":[71],"slot_index":5},{"name":"processed layer names","type":"STRING","links":[70],"slot_index":6}],"properties":{"aux_id":"Conor-Collins/coco_tools","ver":"e4cb6e618ec48d450f092cbe4ada8507e62d18fe","Node name for S&R":"LoadExr"},"widgets_values":["Full/Path/ToFile.exr",true],"layer_info":{"count":0,"types":{}},"cryptomatte_count":0,"current_exr_path":""},{"id":63,"type":"Note","pos":[1375.4871826171875,-330.90924072265625],"size":[329.2201843261719,223.99082946777344],"flags":{},"order":1,"mode":0,"inputs":[],"outputs":[],"properties":{},"widgets_values":["The layer_name needs to be manually input\n\nthe Load_EXR node will output the string names of the channels found and processed,  try them out as they are exported from the Load_EXR node.\n"],"color":"#432","bgcolor":"#653"}],"links":[[37,46,0,19,0,"IMAGE"],[40,46,3,39,0,"LAYERS"],[41,46,3,40,0,"LAYERS"],[46,40,0,49,0,"IMAGE"],[52,49,0,26,0,"IMAGE"],[53,39,0,51,0,"IMAGE"],[56,51,0,25,0,"IMAGE"],[58,19,0,17,0,"IMAGE"],[60,55,0,54,0,"IMAGE"],[61,46,3,55,0,"LAYERS"],[64,58,0,57,0,"IMAGE"],[65,59,0,58,0,"IMAGE"],[66,46,3,59,0,"LAYERS"],[68,60,0,53,0,"IMAGE"],[69,54,0,60,0,"IMAGE"],[70,46,6,61,0,"STRING"],[71,46,5,62,0,"STRING"]],"groups":[],"config":{},"extra":{"ds":{"scale":1.532727272727274,"offset":[-507.30755662430647,537.2035033873144]}},"version":0.4}